"","Min","Q1","Median","Mean","Q3","Max"
"Overall",0,4e-05,0.00014,0.00259,0.00078,0.97047
"Control",0,4e-05,0.00013,0.00226,0.00074,0.54839
"Treatment",0,4e-05,0.00015,0.00291,0.00082,0.97047
